,year,Teams,Transfer Spend (Euros),MA
0,2014,AC Cesena,8.864999999999998,
1,2013,AC Milan,38.81,
2,2014,AC Milan,15.214999999999998,
3,2015,AC Milan,92.04299999999999,48.69
4,2016,AC Milan,26.599999999999994,44.62
5,2017,AC Milan,175.03199999999995,97.89
6,2018,AC Milan,169.01999999999998,123.55
7,2019,AC Milan,94.05000000000001,146.03
8,2013,ACF Fiorentina,47.96999999999999,
9,2014,ACF Fiorentina,8.19,
10,2015,ACF Fiorentina,31.41,29.19
11,2016,ACF Fiorentina,14.157,17.92
12,2017,ACF Fiorentina,71.19,38.92
13,2018,ACF Fiorentina,51.40699999999999,45.58
14,2019,ACF Fiorentina,40.72,54.44
15,2013,AS Livorno,4.338,
16,2013,AS Roma,67.851,
17,2014,AS Roma,89.565,
18,2015,AS Roma,54.094,70.5
19,2016,AS Roma,92.33999999999999,78.67
20,2017,AS Roma,82.04,76.16
21,2018,AS Roma,147.7,107.36
22,2019,AS Roma,102.69000000000001,110.81
23,2013,Atalanta,10.197999999999997,
24,2014,Atalanta,9.978,
25,2015,Atalanta,21.314000000000004,13.83
26,2016,Atalanta,12.906000000000002,14.73
27,2017,Atalanta,49.61,27.94
28,2018,Atalanta,48.605000000000004,37.04
29,2019,Atalanta,51.129999999999995,49.78
30,2017,Benevento Calcio,20.781999999999996,
31,2013,Bologna 1909,5.941,
32,2015,Bologna 1909,23.965,
33,2016,Bologna 1909,28.17,
34,2017,Bologna 1909,11.7,
35,2018,Bologna 1909,28.093999999999998,
36,2019,Bologna 1909,64.434,
37,2019,Brescia Calcio,16.790000000000003,
38,2013,Cagliari Calcio,1.62,
39,2014,Cagliari Calcio,20.345,
40,2016,Cagliari Calcio,8.316,
41,2017,Cagliari Calcio,27.977,
42,2018,Cagliari Calcio,20.247999999999998,
43,2019,Cagliari Calcio,38.15999999999999,
44,2013,Calcio Catania,7.535000000000001,
45,2015,Carpi 1909,0.27,
46,2013,Chievo Verona,3.5100000000000007,
47,2014,Chievo Verona,7.739999999999999,
48,2015,Chievo Verona,5.534999999999999,5.6
49,2016,Chievo Verona,11.320000000000002,8.2
50,2017,Chievo Verona,2.6550000000000002,6.5
51,2018,Chievo Verona,8.568,7.51
52,2016,Delfino Pescara 1936,12.860999999999997,
53,2016,FC Crotone,5.3549999999999995,
54,2017,FC Crotone,2.7,
55,2014,FC Empoli,0.774,
56,2015,FC Empoli,5.715,
57,2016,FC Empoli,6.300000000000001,
58,2018,FC Empoli,15.57,
59,2013,FC Internazionale,53.905,
60,2015,Frosinone Calcio,0.36,
61,2018,Frosinone Calcio,8.6,
62,2013,Genoa,21.093999999999998,
63,2014,Genoa,6.705000000000001,
64,2015,Genoa,15.029999999999998,14.28
65,2016,Genoa,24.480000000000004,15.4
66,2017,Genoa,12.753,17.42
67,2018,Genoa,52.49300000000001,29.91
68,2019,Genoa,44.145,36.46
69,2013,Hellas Verona,7.290000000000001,
70,2014,Hellas Verona,20.034,
71,2015,Hellas Verona,5.67,
72,2017,Hellas Verona,2.75,
73,2019,Hellas Verona,18.668999999999993,
74,2014,Inter Milan,15.260000000000002,
75,2015,Inter Milan,92.21,
76,2016,Inter Milan,143.6,83.69
77,2017,Inter Milan,123.795,119.87
78,2018,Inter Milan,87.84,118.41
79,2019,Inter Milan,171.284,127.64
80,2013,Juventus,40.953,
81,2014,Juventus,54.089999999999996,
82,2015,Juventus,139.414,78.15
83,2016,Juventus,176.21999999999997,123.24
84,2017,Juventus,147.96000000000004,154.53
85,2018,Juventus,233.73,185.97
86,2019,Juventus,201.15,194.28
87,2018,Parma Calcio 1913,18.909999999999997,
88,2019,Parma Calcio 1913,22.383999999999997,
89,2013,Parma,11.512999999999998,
90,2014,Parma,15.517000000000001,
91,2018,SPAL,19.57,
92,2019,SPAL,22.815,
93,2017,SPAL 2013,7.8629999999999995,
94,2013,SS Lazio,24.15,
95,2014,SS Lazio,11.475,
96,2015,SS Lazio,33.53,23.05
97,2016,SS Lazio,29.435000000000006,24.81
98,2017,SS Lazio,25.29,29.42
99,2018,SS Lazio,42.510000000000005,32.41
100,2019,SS Lazio,41.077999999999996,36.29
101,2013,Napoli,96.70499999999998,
102,2014,Napoli,31.33,
103,2015,Napoli,38.43,55.49
104,2016,Napoli,89.181,52.98
105,2017,Napoli,61.209999999999994,62.94
106,2018,Napoli,63.449999999999996,71.28
107,2019,Napoli,176.85000000000005,100.5
108,2013,Torino,18.36,
109,2014,Torino,19.98,
110,2015,Torino,25.245000000000005,21.2
111,2016,Torino,25.63,23.62
112,2017,Torino,21.69,24.19
113,2018,Torino,47.834999999999994,31.72
114,2019,Torino,26.28,31.94
115,2013,Sampdoria,17.639999999999997,
116,2014,Sampdoria,21.83,
117,2015,Sampdoria,31.200999999999997,23.56
118,2016,Sampdoria,35.69,29.57
119,2017,Sampdoria,45.905,37.6
120,2018,Sampdoria,49.68000000000001,43.76
121,2019,Sampdoria,58.455000000000005,51.35
122,2019,Lecce,5.535,
123,2014,Palermo,17.73,
124,2015,Palermo,11.025,
125,2016,Palermo,7.63,12.13
126,2013,Sassuolo,41.855000000000004,
127,2014,Sassuolo,16.02,
128,2015,Sassuolo,27.639999999999997,28.5
129,2016,Sassuolo,24.758000000000003,22.81
130,2017,Sassuolo,31.950000000000003,28.12
131,2018,Sassuolo,35.72999999999999,30.81
132,2019,Sassuolo,55.400000000000006,41.03
133,2013,Udinese Calcio,21.969,
134,2014,Udinese Calcio,26.279999999999998,
135,2015,Udinese Calcio,19.283,22.51
136,2016,Udinese Calcio,17.099999999999998,20.89
137,2017,Udinese Calcio,20.332,18.9
138,2018,Udinese Calcio,44.46000000000001,27.3
139,2019,Udinese Calcio,11.34,25.38
